org,file_,URL,File,Require,Ensure,Include,Attribute,Hard_coded_string,Command,File_mode,SSH_KEY,Lines_of_code,Comment,defect_statusWIKIMEDIA,/Users/akond/PUPP_REPOS/wikimedia-downloads/cdh/manifests/hadoop.pp,1,11,1,5,7,32,21,0,1,1,340,126,1WIKIMEDIA,/Users/akond/PUPP_REPOS/wikimedia-downloads/cdh/manifests/hadoop/defaults.pp,0,0,0,0,0,0,18,0,0,0,80,3,1WIKIMEDIA,/Users/akond/PUPP_REPOS/wikimedia-downloads/cdh/manifests/hadoop/historyserver.pp,1,0,3,2,5,12,7,0,1,1,38,6,0WIKIMEDIA,/Users/akond/PUPP_REPOS/wikimedia-downloads/cdh/manifests/hadoop/jmxtrans/nodemanager.pp,1,0,0,0,0,18,69,0,0,0,171,21,0WIKIMEDIA,/Users/akond/PUPP_REPOS/wikimedia-downloads/cdh/manifests/hadoop/jmxtrans/resourcemanager.pp,1,0,0,0,0,18,235,0,0,0,378,21,1WIKIMEDIA,/Users/akond/PUPP_REPOS/wikimedia-downloads/cdh/manifests/hadoop/master.pp,0,1,0,0,3,4,4,0,1,1,27,9,0WIKIMEDIA,/Users/akond/PUPP_REPOS/wikimedia-downloads/cdh/manifests/hadoop/mount.pp,1,0,1,3,6,18,9,1,0,0,70,10,1WIKIMEDIA,/Users/akond/PUPP_REPOS/wikimedia-downloads/cdh/manifests/hadoop/namenode.pp,0,1,6,6,14,30,16,3,1,1,115,10,1WIKIMEDIA,/Users/akond/PUPP_REPOS/wikimedia-downloads/cdh/manifests/hadoop/users.pp,0,1,0,0,1,9,7,1,1,1,34,17,1WIKIMEDIA,/Users/akond/PUPP_REPOS/wikimedia-downloads/cdh/manifests/hive.pp,0,4,5,3,8,18,8,0,1,1,135,57,1WIKIMEDIA,/Users/akond/PUPP_REPOS/wikimedia-downloads/cdh/manifests/hive/defaults.pp,0,0,0,0,0,2,17,0,0,0,50,3,1WIKIMEDIA,/Users/akond/PUPP_REPOS/wikimedia-downloads/cdh/manifests/hive/metastore/mysql/grant.pp,0,0,0,0,1,7,1,1,0,0,38,12,0WIKIMEDIA,/Users/akond/PUPP_REPOS/wikimedia-downloads/cdh/manifests/hive/metastore/mysql/jar.pp,0,1,1,2,3,4,3,0,0,0,22,8,0WIKIMEDIA,/Users/akond/PUPP_REPOS/wikimedia-downloads/cdh/manifests/hive/server.pp,1,1,4,2,6,16,11,0,2,2,60,10,0WIKIMEDIA,/Users/akond/PUPP_REPOS/wikimedia-downloads/cdh/manifests/hue.pp,2,6,8,6,20,47,24,2,2,2,285,80,1WIKIMEDIA,/Users/akond/PUPP_REPOS/wikimedia-downloads/cdh/manifests/hue/defaults.pp,0,0,0,0,0,0,13,0,0,0,72,2,1WIKIMEDIA,/Users/akond/PUPP_REPOS/wikimedia-downloads/cdh/manifests/impala/worker.pp,0,1,3,3,6,12,6,1,0,0,44,4,0WIKIMEDIA,/Users/akond/PUPP_REPOS/wikimedia-downloads/cdh/manifests/mahout.pp,0,0,0,1,1,1,1,0,0,0,9,4,0WIKIMEDIA,/Users/akond/PUPP_REPOS/wikimedia-downloads/cdh/manifests/oozie/server.pp,2,8,7,8,18,50,35,2,5,5,209,43,1WIKIMEDIA,/Users/akond/PUPP_REPOS/wikimedia-downloads/cdh/manifests/spark.pp,0,5,6,3,11,37,29,1,4,4,153,34,1WIKIMEDIA,/Users/akond/PUPP_REPOS/wikimedia-downloads/cdh/manifests/sqoop.pp,0,1,1,3,4,5,4,0,0,0,30,8,0WIKIMEDIA,/Users/akond/PUPP_REPOS/wikimedia-downloads/cdh4/manifests/hadoop.pp,1,11,1,4,6,24,19,0,1,1,249,81,1WIKIMEDIA,/Users/akond/PUPP_REPOS/wikimedia-downloads/cdh4/manifests/hadoop/defaults.pp,0,0,0,0,0,0,16,0,0,0,54,3,1WIKIMEDIA,/Users/akond/PUPP_REPOS/wikimedia-downloads/cdh4/manifests/hadoop/historyserver.pp,1,0,3,2,5,12,7,0,1,1,38,6,1WIKIMEDIA,/Users/akond/PUPP_REPOS/wikimedia-downloads/cdh4/manifests/hadoop/jmxtrans/namenode.pp,1,0,0,0,0,15,113,0,0,0,210,20,1WIKIMEDIA,/Users/akond/PUPP_REPOS/wikimedia-downloads/cdh4/manifests/hadoop/namenode.pp,0,2,4,4,8,18,9,1,1,1,51,10,0WIKIMEDIA,/Users/akond/PUPP_REPOS/wikimedia-downloads/cdh4/manifests/hadoop/namenode/primary.pp,0,0,6,0,7,29,24,1,6,6,89,9,1WIKIMEDIA,/Users/akond/PUPP_REPOS/wikimedia-downloads/cdh4/manifests/hive.pp,0,4,5,3,8,18,8,0,1,1,128,49,1WIKIMEDIA,/Users/akond/PUPP_REPOS/wikimedia-downloads/cdh4/manifests/hive/defaults.pp,0,0,0,0,0,0,17,0,0,0,40,3,0WIKIMEDIA,/Users/akond/PUPP_REPOS/wikimedia-downloads/cdh4/manifests/hive/server.pp,1,1,4,2,6,16,11,0,2,2,60,10,1WIKIMEDIA,/Users/akond/PUPP_REPOS/wikimedia-downloads/cdh4/manifests/hue.pp,1,7,9,6,21,53,28,2,3,3,274,62,1WIKIMEDIA,/Users/akond/PUPP_REPOS/wikimedia-downloads/cdh4/manifests/hue/defaults.pp,0,0,0,0,0,0,11,0,0,0,63,2,1WIKIMEDIA,/Users/akond/PUPP_REPOS/wikimedia-downloads/cdh4/manifests/oozie/server.pp,2,7,5,6,12,39,28,1,5,5,181,36,1WIKIMEDIA,/Users/akond/PUPP_REPOS/wikimedia-downloads/cdh4/manifests/sqoop.pp,0,1,1,3,4,5,4,0,0,0,30,8,1WIKIMEDIA,/Users/akond/PUPP_REPOS/wikimedia-downloads/kafka/manifests/defaults.pp,0,0,0,0,0,0,28,0,0,0,78,3,1WIKIMEDIA,/Users/akond/PUPP_REPOS/wikimedia-downloads/kafka/manifests/mirror/jmxtrans.pp,1,0,0,0,0,17,69,0,0,0,259,26,0WIKIMEDIA,/Users/akond/PUPP_REPOS/wikimedia-downloads/kafka/manifests/mirror/monitoring.pp,0,0,2,0,2,6,2,2,0,0,33,14,0WIKIMEDIA,/Users/akond/PUPP_REPOS/wikimedia-downloads/kafka/manifests/server.pp,0,6,5,4,9,24,12,1,1,1,295,130,1WIKIMEDIA,/Users/akond/PUPP_REPOS/wikimedia-downloads/kafka/manifests/server/jmxtrans.pp,1,0,0,0,0,21,181,0,0,0,464,26,1WIKIMEDIA,/Users/akond/PUPP_REPOS/wikimedia-downloads/kafka/manifests/server/monitoring.pp,1,0,4,1,6,24,19,2,0,0,83,13,1WIKIMEDIA,/Users/akond/PUPP_REPOS/wikimedia-downloads/kafka/tests/server.pp,0,0,0,0,0,2,4,0,0,0,9,0,0WIKIMEDIA,/Users/akond/PUPP_REPOS/wikimedia-downloads/mariadb/manifests/config.pp,0,12,1,12,13,72,56,0,11,11,150,7,1WIKIMEDIA,/Users/akond/PUPP_REPOS/wikimedia-downloads/mariadb/manifests/heartbeat.pp,0,1,1,0,2,11,9,2,1,1,43,1,0WIKIMEDIA,/Users/akond/PUPP_REPOS/wikimedia-downloads/mariadb/manifests/monitor_disk.pp,0,0,0,0,0,4,4,1,0,0,18,4,0WIKIMEDIA,/Users/akond/PUPP_REPOS/wikimedia-downloads/mariadb/manifests/monitor_process.pp,0,0,0,0,0,4,3,1,0,0,15,2,1WIKIMEDIA,/Users/akond/PUPP_REPOS/wikimedia-downloads/mariadb/manifests/monitor_replication.pp,0,0,0,0,1,17,7,3,0,0,56,3,1WIKIMEDIA,/Users/akond/PUPP_REPOS/wikimedia-downloads/mariadb/manifests/packages_wmf.pp,0,0,0,3,3,3,0,0,0,0,34,2,1WIKIMEDIA,/Users/akond/PUPP_REPOS/wikimedia-downloads/mesos/manifests/repo.pp,2,0,0,1,1,9,6,0,0,0,72,4,1WIKIMEDIA,/Users/akond/PUPP_REPOS/wikimedia-downloads/nginx/manifests/init.pp,0,1,1,4,7,24,13,2,0,0,105,23,1WIKIMEDIA,/Users/akond/PUPP_REPOS/wikimedia-downloads/nginx/manifests/simple_tlsproxy.pp,0,0,1,2,5,6,3,0,0,0,28,8,0WIKIMEDIA,/Users/akond/PUPP_REPOS/wikimedia-downloads/nginx/manifests/site.pp,0,2,0,2,3,9,4,0,0,0,50,27,1WIKIMEDIA,/Users/akond/PUPP_REPOS/wikimedia-downloads/nginx/manifests/ssl.pp,0,1,0,1,1,5,5,0,1,1,29,14,0WIKIMEDIA,/Users/akond/PUPP_REPOS/wikimedia-downloads/nginx/manifests/status_site.pp,1,0,0,1,1,2,2,0,0,0,21,12,0WIKIMEDIA,/Users/akond/PUPP_REPOS/wikimedia-downloads/puppet/examples/mac_dscl_revert.pp,0,0,0,4,4,10,6,0,0,0,26,4,0WIKIMEDIA,/Users/akond/PUPP_REPOS/wikimedia-downloads/puppet/examples/mcx_dock_absent.pp,0,0,0,1,1,2,2,0,0,0,4,0,0WIKIMEDIA,/Users/akond/PUPP_REPOS/wikimedia-downloads/puppet/examples/mcx_dock_full.pp,1,0,0,1,1,4,4,0,0,0,125,1,1WIKIMEDIA,/Users/akond/PUPP_REPOS/wikimedia-downloads/puppet/ext/rack/manifest.pp,0,4,4,6,11,26,7,0,3,3,59,0,1WIKIMEDIA,/Users/akond/PUPP_REPOS/wikimedia-downloads/puppet/spec/fixtures/unit/parser/lexer/falsevalues.pp,0,1,0,1,1,1,0,0,0,0,3,0,0WIKIMEDIA,/Users/akond/PUPP_REPOS/wikimedia-downloads/puppet/spec/fixtures/unit/util/rdoc/basic.pp,0,1,0,1,1,1,0,0,0,0,16,4,0WIKIMEDIA,/Users/akond/PUPP_REPOS/wikimedia-downloads/puppet/test/data/snippets/aliastest.pp,0,3,2,3,5,8,3,0,0,0,16,0,0WIKIMEDIA,/Users/akond/PUPP_REPOS/wikimedia-downloads/puppet/test/data/snippets/arithmetic_expression.pp,0,0,0,0,0,0,3,0,0,0,8,0,1WIKIMEDIA,/Users/akond/PUPP_REPOS/wikimedia-downloads/puppet/test/data/snippets/arraytrailingcomma.pp,0,1,0,0,0,1,1,0,0,0,3,0,1WIKIMEDIA,/Users/akond/PUPP_REPOS/wikimedia-downloads/puppet/test/data/snippets/casestatement.pp,0,14,0,14,14,14,17,0,14,14,65,1,1WIKIMEDIA,/Users/akond/PUPP_REPOS/wikimedia-downloads/puppet/test/data/snippets/collection_override.pp,0,1,0,0,0,2,2,0,1,1,8,0,1WIKIMEDIA,/Users/akond/PUPP_REPOS/wikimedia-downloads/puppet/test/data/snippets/collection_within_virtual_definitions.pp,0,2,0,0,0,3,2,0,0,0,20,0,1WIKIMEDIA,/Users/akond/PUPP_REPOS/wikimedia-downloads/puppet/test/data/snippets/collection.pp,0,2,0,0,1,2,3,0,0,0,10,0,0WIKIMEDIA,/Users/akond/PUPP_REPOS/wikimedia-downloads/puppet/test/data/snippets/componentrequire.pp,0,3,1,2,3,4,3,0,3,3,8,0,1WIKIMEDIA,/Users/akond/PUPP_REPOS/wikimedia-downloads/puppet/test/data/snippets/defineoverrides.pp,0,2,0,1,2,3,3,0,3,3,17,1,1WIKIMEDIA,/Users/akond/PUPP_REPOS/wikimedia-downloads/puppet/test/data/snippets/emptyifelse.pp,0,0,0,0,0,0,0,0,0,0,9,0,0WIKIMEDIA,/Users/akond/PUPP_REPOS/wikimedia-downloads/puppet/test/data/snippets/fqparents.pp,0,2,0,2,3,2,0,0,0,0,11,0,1WIKIMEDIA,/Users/akond/PUPP_REPOS/wikimedia-downloads/puppet/test/data/snippets/funccomma.pp,0,1,0,0,0,1,1,0,0,0,5,0,1WIKIMEDIA,/Users/akond/PUPP_REPOS/wikimedia-downloads/puppet/test/data/snippets/hash.pp,0,4,0,4,4,7,10,0,0,0,33,0,1WIKIMEDIA,/Users/akond/PUPP_REPOS/wikimedia-downloads/puppet/test/data/snippets/ifexpression.pp,0,1,0,1,1,1,4,0,1,1,12,0,0WIKIMEDIA,/Users/akond/PUPP_REPOS/wikimedia-downloads/puppet/test/data/snippets/multilinecomments.pp,0,1,0,0,0,1,1,0,0,0,10,0,0WIKIMEDIA,/Users/akond/PUPP_REPOS/wikimedia-downloads/puppet/test/data/snippets/multipleclass.pp,0,2,0,0,1,2,2,0,0,0,9,0,1WIKIMEDIA,/Users/akond/PUPP_REPOS/wikimedia-downloads/puppet/test/data/snippets/singleselector.pp,0,3,0,3,3,5,4,0,3,3,22,0,0WIKIMEDIA,/Users/akond/PUPP_REPOS/wikimedia-downloads/puppet/test/data/snippets/subclass_name_duplication.pp,0,2,0,2,3,2,0,0,0,0,11,1,1WIKIMEDIA,/Users/akond/PUPP_REPOS/wikimedia-downloads/puppet/test/data/snippets/virtualresources.pp,0,4,0,0,1,4,5,0,0,0,14,0,1WIKIMEDIA,/Users/akond/PUPP_REPOS/wikimedia-downloads/translatewiki/puppet/modules/awstats/manifests/init.pp,0,3,2,1,4,7,3,0,0,0,29,4,0WIKIMEDIA,/Users/akond/PUPP_REPOS/wikimedia-downloads/translatewiki/puppet/modules/backup/manifests/init.pp,0,5,0,2,2,9,7,0,2,2,38,9,1WIKIMEDIA,/Users/akond/PUPP_REPOS/wikimedia-downloads/translatewiki/puppet/modules/base/manifests/es.pp,0,1,0,0,0,1,1,0,0,0,9,4,0WIKIMEDIA,/Users/akond/PUPP_REPOS/wikimedia-downloads/translatewiki/puppet/modules/base/manifests/init.pp,0,3,0,2,2,6,2,0,0,0,46,4,1WIKIMEDIA,/Users/akond/PUPP_REPOS/wikimedia-downloads/translatewiki/puppet/modules/base/manifests/mediawiki.pp,0,0,0,1,1,1,0,0,0,0,23,4,0WIKIMEDIA,/Users/akond/PUPP_REPOS/wikimedia-downloads/translatewiki/puppet/modules/eximconf/manifests/es.pp,0,0,0,0,0,1,1,0,0,0,9,4,0WIKIMEDIA,/Users/akond/PUPP_REPOS/wikimedia-downloads/translatewiki/puppet/modules/fcgiwrap/manifests/init.pp,0,0,1,2,3,6,0,0,0,0,17,4,0WIKIMEDIA,/Users/akond/PUPP_REPOS/wikimedia-downloads/translatewiki/puppet/modules/hhvm/manifests/init.pp,1,7,10,4,16,34,11,1,0,0,78,4,1WIKIMEDIA,/Users/akond/PUPP_REPOS/wikimedia-downloads/translatewiki/puppet/modules/kitanonl/manifests/init.pp,0,1,1,0,2,3,1,0,0,0,13,4,1WIKIMEDIA,/Users/akond/PUPP_REPOS/wikimedia-downloads/translatewiki/puppet/modules/logrotate/manifests/init.pp,0,1,0,0,0,1,1,0,0,0,9,4,0WIKIMEDIA,/Users/akond/PUPP_REPOS/wikimedia-downloads/translatewiki/puppet/modules/mailmanconf/manifests/init.pp,2,5,0,3,3,27,23,0,0,0,70,5,1WIKIMEDIA,/Users/akond/PUPP_REPOS/wikimedia-downloads/translatewiki/puppet/modules/mariadb/manifests/init.pp,0,0,0,1,1,22,17,0,0,0,41,4,1WIKIMEDIA,/Users/akond/PUPP_REPOS/wikimedia-downloads/translatewiki/puppet/modules/nginx/manifests/init.pp,0,4,2,3,6,13,5,0,0,0,42,4,1WIKIMEDIA,/Users/akond/PUPP_REPOS/wikimedia-downloads/translatewiki/puppet/modules/nginx/manifests/sites.pp,0,2,0,0,1,2,2,0,0,0,15,4,1WIKIMEDIA,/Users/akond/PUPP_REPOS/wikimedia-downloads/translatewiki/puppet/modules/nginx/manifests/ssl.pp,0,3,0,1,2,5,5,1,0,0,24,4,1WIKIMEDIA,/Users/akond/PUPP_REPOS/wikimedia-downloads/translatewiki/puppet/modules/profile/manifests/mwelasticsearch.pp,0,1,1,0,2,11,8,0,0,0,38,4,1WIKIMEDIA,/Users/akond/PUPP_REPOS/wikimedia-downloads/translatewiki/puppet/modules/puppet/manifests/init.pp,0,0,0,2,2,3,0,0,0,0,15,4,0WIKIMEDIA,/Users/akond/PUPP_REPOS/wikimedia-downloads/translatewiki/puppet/modules/sudo/manifests/init.pp,0,1,0,1,1,3,2,0,1,1,14,4,0WIKIMEDIA,/Users/akond/PUPP_REPOS/wikimedia-downloads/translatewiki/puppet/modules/users/manifests/init.pp,0,1,0,28,28,232,145,0,0,1,283,4,1WIKIMEDIA,/Users/akond/PUPP_REPOS/wikimedia-downloads/translatewiki/puppet/modules/wiki/manifests/init.pp,0,4,1,2,3,11,6,0,0,0,51,18,0WIKIMEDIA,/Users/akond/PUPP_REPOS/wikimedia-downloads/translatewiki/puppet/site.pp,0,0,0,0,26,9,9,0,1,1,57,2,1WIKIMEDIA,/Users/akond/PUPP_REPOS/wikimedia-downloads/vagrant/puppet/manifests/site.pp,2,0,0,2,2,8,8,0,0,0,52,22,1WIKIMEDIA,/Users/akond/PUPP_REPOS/wikimedia-downloads/vagrant/puppet/modules/activemq/manifests/init.pp,1,3,2,5,7,27,16,0,2,2,73,4,1WIKIMEDIA,/Users/akond/PUPP_REPOS/wikimedia-downloads/vagrant/puppet/modules/apache/manifests/conf.pp,0,2,0,3,4,16,10,0,2,2,88,38,1WIKIMEDIA,/Users/akond/PUPP_REPOS/wikimedia-downloads/vagrant/puppet/modules/apache/manifests/init.pp,1,4,4,6,13,24,8,0,0,0,88,9,1WIKIMEDIA,/Users/akond/PUPP_REPOS/wikimedia-downloads/vagrant/puppet/modules/apache/manifests/mod/proxy_fcgi.pp,0,0,0,0,0,2,3,0,0,0,12,2,0WIKIMEDIA,/Users/akond/PUPP_REPOS/wikimedia-downloads/vagrant/puppet/modules/apache/manifests/mod/wsgi.pp,0,0,1,0,1,1,0,0,0,0,8,2,0WIKIMEDIA,/Users/akond/PUPP_REPOS/wikimedia-downloads/vagrant/puppet/modules/apache/manifests/site.pp,0,2,0,4,5,18,7,0,1,1,71,34,0WIKIMEDIA,/Users/akond/PUPP_REPOS/wikimedia-downloads/vagrant/puppet/modules/apparmor/manifests/init.pp,1,2,2,1,4,15,11,1,2,2,43,13,1WIKIMEDIA,/Users/akond/PUPP_REPOS/wikimedia-downloads/vagrant/puppet/modules/apt/manifests/init.pp,0,7,1,1,9,38,28,4,2,2,89,6,1WIKIMEDIA,/Users/akond/PUPP_REPOS/wikimedia-downloads/vagrant/puppet/modules/arcanist/manifests/init.pp,2,0,0,0,1,7,2,0,0,0,38,9,1WIKIMEDIA,/Users/akond/PUPP_REPOS/wikimedia-downloads/vagrant/puppet/modules/browsertests/manifests/bundle.pp,0,0,0,0,2,3,1,0,0,0,25,14,1WIKIMEDIA,/Users/akond/PUPP_REPOS/wikimedia-downloads/vagrant/puppet/modules/browsertests/manifests/init.pp,6,0,0,1,1,9,8,0,0,0,95,40,1WIKIMEDIA,/Users/akond/PUPP_REPOS/wikimedia-downloads/vagrant/puppet/modules/cassandra/manifests/init.pp,0,6,6,3,11,35,19,1,1,1,105,13,1WIKIMEDIA,/Users/akond/PUPP_REPOS/wikimedia-downloads/vagrant/puppet/modules/changeprop/manifests/init.pp,2,0,0,0,0,7,5,0,0,0,34,13,1WIKIMEDIA,/Users/akond/PUPP_REPOS/wikimedia-downloads/vagrant/puppet/modules/citoid/manifests/init.pp,0,0,0,0,0,7,2,0,0,0,28,12,0WIKIMEDIA,/Users/akond/PUPP_REPOS/wikimedia-downloads/vagrant/puppet/modules/contenttranslation/manifests/cxserver.pp,1,2,1,1,2,10,5,0,0,0,112,71,0WIKIMEDIA,/Users/akond/PUPP_REPOS/wikimedia-downloads/vagrant/puppet/modules/contenttranslation/manifests/init.pp,0,0,2,1,7,8,3,0,0,0,139,81,0WIKIMEDIA,/Users/akond/PUPP_REPOS/wikimedia-downloads/vagrant/puppet/modules/crm/manifests/drupal.pp,0,6,7,3,13,35,17,3,6,6,121,15,1WIKIMEDIA,/Users/akond/PUPP_REPOS/wikimedia-downloads/vagrant/puppet/modules/crm/manifests/drush.pp,0,1,0,1,2,3,3,0,1,1,18,4,0WIKIMEDIA,/Users/akond/PUPP_REPOS/wikimedia-downloads/vagrant/puppet/modules/crm/manifests/init.pp,1,0,2,0,8,8,36,0,0,0,101,24,1WIKIMEDIA,/Users/akond/PUPP_REPOS/wikimedia-downloads/vagrant/puppet/modules/crm/manifests/tools.pp,0,2,3,2,6,12,6,2,2,2,53,9,0WIKIMEDIA,/Users/akond/PUPP_REPOS/wikimedia-downloads/vagrant/puppet/modules/elasticsearch/manifests/init.pp,1,6,4,5,9,23,14,0,2,2,64,5,1WIKIMEDIA,/Users/akond/PUPP_REPOS/wikimedia-downloads/vagrant/puppet/modules/elasticsearch/manifests/plugin.pp,0,0,4,1,7,30,4,4,0,0,119,36,1WIKIMEDIA,/Users/akond/PUPP_REPOS/wikimedia-downloads/vagrant/puppet/modules/env/manifests/init.pp,0,0,0,0,0,0,0,0,0,0,7,5,0WIKIMEDIA,/Users/akond/PUPP_REPOS/wikimedia-downloads/vagrant/puppet/modules/env/manifests/profile_script.pp,0,2,0,1,2,4,3,0,0,0,54,30,1WIKIMEDIA,/Users/akond/PUPP_REPOS/wikimedia-downloads/vagrant/puppet/modules/eventlogging/manifests/init.pp,0,0,2,0,2,8,2,1,0,0,32,2,0WIKIMEDIA,/Users/akond/PUPP_REPOS/wikimedia-downloads/vagrant/puppet/modules/git/manifests/clone.pp,0,1,2,1,5,33,9,3,0,0,122,46,1WIKIMEDIA,/Users/akond/PUPP_REPOS/wikimedia-downloads/vagrant/puppet/modules/git/manifests/gerrit.pp,1,1,1,2,4,12,9,1,1,1,34,4,1WIKIMEDIA,/Users/akond/PUPP_REPOS/wikimedia-downloads/vagrant/puppet/modules/git/manifests/init.pp,3,0,0,2,3,4,4,0,0,0,39,24,1WIKIMEDIA,/Users/akond/PUPP_REPOS/wikimedia-downloads/vagrant/puppet/modules/git/manifests/install.pp,0,0,1,0,2,18,6,2,0,0,73,37,0WIKIMEDIA,/Users/akond/PUPP_REPOS/wikimedia-downloads/vagrant/puppet/modules/graphoid/manifests/init.pp,1,0,0,0,0,8,1,0,0,0,56,29,0WIKIMEDIA,/Users/akond/PUPP_REPOS/wikimedia-downloads/vagrant/puppet/modules/hhvm/manifests/init.pp,0,8,2,10,20,49,27,0,5,5,159,42,1WIKIMEDIA,/Users/akond/PUPP_REPOS/wikimedia-downloads/vagrant/puppet/modules/jsduck/manifests/init.pp,0,0,0,1,1,2,2,0,0,0,11,5,1WIKIMEDIA,/Users/akond/PUPP_REPOS/wikimedia-downloads/vagrant/puppet/modules/logstash/manifests/init.pp,0,4,7,5,13,27,7,1,0,0,71,17,1WIKIMEDIA,/Users/akond/PUPP_REPOS/wikimedia-downloads/vagrant/puppet/modules/logstash/manifests/output/elasticsearch.pp,0,0,2,4,6,23,21,2,0,0,76,29,1WIKIMEDIA,/Users/akond/PUPP_REPOS/wikimedia-downloads/vagrant/puppet/modules/mathoid/manifests/init.pp,0,0,0,0,0,9,0,0,0,0,58,31,0WIKIMEDIA,/Users/akond/PUPP_REPOS/wikimedia-downloads/vagrant/puppet/modules/mediawiki/manifests/apache.pp,0,3,4,6,17,16,5,0,0,0,66,12,1WIKIMEDIA,/Users/akond/PUPP_REPOS/wikimedia-downloads/vagrant/puppet/modules/mediawiki/manifests/extension.pp,2,0,3,1,5,35,11,0,0,0,202,116,1WIKIMEDIA,/Users/akond/PUPP_REPOS/wikimedia-downloads/vagrant/puppet/modules/mediawiki/manifests/import/dump.pp,0,0,1,0,2,5,2,1,0,0,45,28,1WIKIMEDIA,/Users/akond/PUPP_REPOS/wikimedia-downloads/vagrant/puppet/modules/mediawiki/manifests/import/text.pp,0,1,1,0,1,7,1,1,0,0,75,37,0WIKIMEDIA,/Users/akond/PUPP_REPOS/wikimedia-downloads/vagrant/puppet/modules/mediawiki/manifests/init.pp,1,12,7,5,17,71,29,2,7,7,253,46,1WIKIMEDIA,/Users/akond/PUPP_REPOS/wikimedia-downloads/vagrant/puppet/modules/mediawiki/manifests/jobrunner.pp,0,7,2,3,6,48,28,0,6,6,123,19,1WIKIMEDIA,/Users/akond/PUPP_REPOS/wikimedia-downloads/vagrant/puppet/modules/mediawiki/manifests/multiwiki.pp,0,27,1,28,29,105,51,0,18,18,282,50,1WIKIMEDIA,/Users/akond/PUPP_REPOS/wikimedia-downloads/vagrant/puppet/modules/mediawiki/manifests/mwrepl.pp,0,2,0,1,1,6,6,0,1,1,30,13,1WIKIMEDIA,/Users/akond/PUPP_REPOS/wikimedia-downloads/vagrant/puppet/modules/mediawiki/manifests/phpsh.pp,0,4,2,3,7,10,6,0,1,1,34,5,1WIKIMEDIA,/Users/akond/PUPP_REPOS/wikimedia-downloads/vagrant/puppet/modules/mediawiki/manifests/skin.pp,0,0,3,1,5,13,2,0,0,0,95,53,1WIKIMEDIA,/Users/akond/PUPP_REPOS/wikimedia-downloads/vagrant/puppet/modules/mediawiki/manifests/user.pp,0,0,2,0,5,12,4,3,0,0,107,39,1WIKIMEDIA,/Users/akond/PUPP_REPOS/wikimedia-downloads/vagrant/puppet/modules/mediawiki/manifests/wiki.pp,2,8,5,7,18,54,22,4,4,4,234,89,1WIKIMEDIA,/Users/akond/PUPP_REPOS/wikimedia-downloads/vagrant/puppet/modules/memcached/manifests/init.pp,0,1,1,2,3,7,5,0,0,0,42,21,0WIKIMEDIA,/Users/akond/PUPP_REPOS/wikimedia-downloads/vagrant/puppet/modules/misc/manifests/init.pp,1,4,1,2,3,17,9,1,1,1,59,6,1WIKIMEDIA,/Users/akond/PUPP_REPOS/wikimedia-downloads/vagrant/puppet/modules/mobilecontentservice/manifests/init.pp,0,0,0,0,0,2,0,0,0,0,26,13,1WIKIMEDIA,/Users/akond/PUPP_REPOS/wikimedia-downloads/vagrant/puppet/modules/motd/manifests/init.pp,0,1,0,1,1,7,3,1,0,0,18,4,0WIKIMEDIA,/Users/akond/PUPP_REPOS/wikimedia-downloads/vagrant/puppet/modules/motd/manifests/script.pp,0,1,0,2,3,8,6,0,1,1,53,27,0WIKIMEDIA,/Users/akond/PUPP_REPOS/wikimedia-downloads/vagrant/puppet/modules/mwv/manifests/init.pp,0,3,2,8,13,23,9,0,2,2,104,27,1WIKIMEDIA,/Users/akond/PUPP_REPOS/wikimedia-downloads/vagrant/puppet/modules/mysql/manifests/db.pp,0,0,0,1,2,2,5,0,0,0,42,25,0WIKIMEDIA,/Users/akond/PUPP_REPOS/wikimedia-downloads/vagrant/puppet/modules/mysql/manifests/init.pp,0,1,2,2,6,14,7,1,1,1,56,24,1WIKIMEDIA,/Users/akond/PUPP_REPOS/wikimedia-downloads/vagrant/puppet/modules/mysql/manifests/sql.pp,0,0,1,0,3,5,3,1,0,0,41,28,0WIKIMEDIA,/Users/akond/PUPP_REPOS/wikimedia-downloads/vagrant/puppet/modules/npm/manifests/global.pp,0,0,0,0,0,5,2,1,0,0,19,4,1WIKIMEDIA,/Users/akond/PUPP_REPOS/wikimedia-downloads/vagrant/puppet/modules/npm/manifests/globals.pp,0,0,0,0,0,0,0,0,0,0,7,4,0WIKIMEDIA,/Users/akond/PUPP_REPOS/wikimedia-downloads/vagrant/puppet/modules/npm/manifests/init.pp,0,2,4,1,10,26,18,3,0,0,76,10,1WIKIMEDIA,/Users/akond/PUPP_REPOS/wikimedia-downloads/vagrant/puppet/modules/npm/manifests/install.pp,0,0,0,0,0,6,2,1,0,0,28,9,1WIKIMEDIA,/Users/akond/PUPP_REPOS/wikimedia-downloads/vagrant/puppet/modules/payments/manifests/donation_interface.pp,1,0,1,0,1,26,23,0,0,0,85,3,1WIKIMEDIA,/Users/akond/PUPP_REPOS/wikimedia-downloads/vagrant/puppet/modules/payments/manifests/init.pp,1,0,1,0,3,19,14,0,0,0,77,19,1WIKIMEDIA,/Users/akond/PUPP_REPOS/wikimedia-downloads/vagrant/puppet/modules/phabricator/manifests/config.pp,0,0,1,0,4,4,0,1,0,0,37,10,1WIKIMEDIA,/Users/akond/PUPP_REPOS/wikimedia-downloads/vagrant/puppet/modules/phabricator/manifests/init.pp,1,5,10,8,23,64,29,1,3,3,206,24,1WIKIMEDIA,/Users/akond/PUPP_REPOS/wikimedia-downloads/vagrant/puppet/modules/php/manifests/composer.pp,1,1,3,1,5,14,9,2,1,1,55,13,0WIKIMEDIA,/Users/akond/PUPP_REPOS/wikimedia-downloads/vagrant/puppet/modules/php/manifests/composer/install.pp,0,0,2,0,2,10,4,1,0,0,54,23,0WIKIMEDIA,/Users/akond/PUPP_REPOS/wikimedia-downloads/vagrant/puppet/modules/php/manifests/ini.pp,3,1,1,0,3,7,6,0,0,0,54,34,0WIKIMEDIA,/Users/akond/PUPP_REPOS/wikimedia-downloads/vagrant/puppet/modules/php/manifests/init.pp,0,1,5,2,13,24,12,1,1,1,87,6,1WIKIMEDIA,/Users/akond/PUPP_REPOS/wikimedia-downloads/vagrant/puppet/modules/php/manifests/remote_debug.pp,2,0,1,0,1,2,3,0,0,0,34,22,1WIKIMEDIA,/Users/akond/PUPP_REPOS/wikimedia-downloads/vagrant/puppet/modules/php/manifests/sessionclean.pp,0,2,0,2,2,10,8,0,2,2,35,12,0WIKIMEDIA,/Users/akond/PUPP_REPOS/wikimedia-downloads/vagrant/puppet/modules/php/manifests/xhprof.pp,0,1,0,2,2,6,2,0,1,1,36,8,0WIKIMEDIA,/Users/akond/PUPP_REPOS/wikimedia-downloads/vagrant/puppet/modules/postfix/manifests/init.pp,0,3,1,2,3,19,12,1,3,3,44,4,0WIKIMEDIA,/Users/akond/PUPP_REPOS/wikimedia-downloads/vagrant/puppet/modules/puppet/manifests/agent.pp,0,0,0,1,1,2,0,0,0,0,21,12,0WIKIMEDIA,/Users/akond/PUPP_REPOS/wikimedia-downloads/vagrant/puppet/modules/redis/manifests/init.pp,1,2,3,3,7,27,15,0,1,1,88,43,1WIKIMEDIA,/Users/akond/PUPP_REPOS/wikimedia-downloads/vagrant/puppet/modules/redis/manifests/php.pp,0,0,1,1,4,3,0,0,0,0,15,5,0WIKIMEDIA,/Users/akond/PUPP_REPOS/wikimedia-downloads/vagrant/puppet/modules/restbase/manifests/init.pp,1,1,1,1,3,17,13,0,1,1,66,22,1WIKIMEDIA,/Users/akond/PUPP_REPOS/wikimedia-downloads/vagrant/puppet/modules/role/manifests/analytics.pp,0,1,0,0,10,5,4,0,1,1,54,31,0WIKIMEDIA,/Users/akond/PUPP_REPOS/wikimedia-downloads/vagrant/puppet/modules/role/manifests/antispam.pp,0,0,0,0,3,2,0,0,0,0,14,3,0WIKIMEDIA,/Users/akond/PUPP_REPOS/wikimedia-downloads/vagrant/puppet/modules/role/manifests/antispoof.pp,0,0,1,0,1,5,3,1,0,0,16,2,1WIKIMEDIA,/Users/akond/PUPP_REPOS/wikimedia-downloads/vagrant/puppet/modules/role/manifests/apex.pp,1,0,0,0,0,0,0,0,0,0,6,3,1WIKIMEDIA,/Users/akond/PUPP_REPOS/wikimedia-downloads/vagrant/puppet/modules/role/manifests/cassandra.pp,0,0,0,0,1,0,0,0,0,0,6,2,0WIKIMEDIA,/Users/akond/PUPP_REPOS/wikimedia-downloads/vagrant/puppet/modules/role/manifests/categorytree.pp,0,0,0,0,0,2,0,0,0,0,9,2,0WIKIMEDIA,/Users/akond/PUPP_REPOS/wikimedia-downloads/vagrant/puppet/modules/role/manifests/centralauth.pp,2,1,4,2,15,33,15,1,1,1,132,24,1WIKIMEDIA,/Users/akond/PUPP_REPOS/wikimedia-downloads/vagrant/puppet/modules/role/manifests/checkuser.pp,0,0,0,0,0,1,0,0,0,0,9,4,0WIKIMEDIA,/Users/akond/PUPP_REPOS/wikimedia-downloads/vagrant/puppet/modules/role/manifests/cirrussearch.pp,0,1,2,2,13,22,13,1,1,1,88,3,1WIKIMEDIA,/Users/akond/PUPP_REPOS/wikimedia-downloads/vagrant/puppet/modules/role/manifests/citoid.pp,0,0,0,0,2,2,0,0,0,0,15,3,0WIKIMEDIA,/Users/akond/PUPP_REPOS/wikimedia-downloads/vagrant/puppet/modules/role/manifests/commons.pp,0,0,2,0,4,13,6,1,0,0,45,7,1WIKIMEDIA,/Users/akond/PUPP_REPOS/wikimedia-downloads/vagrant/puppet/modules/role/manifests/confirmedit.pp,0,1,3,1,5,17,11,1,0,0,54,5,1WIKIMEDIA,/Users/akond/PUPP_REPOS/wikimedia-downloads/vagrant/puppet/modules/role/manifests/disableaccount.pp,1,0,0,0,0,1,0,0,0,0,14,6,0WIKIMEDIA,/Users/akond/PUPP_REPOS/wikimedia-downloads/vagrant/puppet/modules/role/manifests/disambiguator.pp,0,0,0,0,0,0,0,0,0,0,6,3,0WIKIMEDIA,/Users/akond/PUPP_REPOS/wikimedia-downloads/vagrant/puppet/modules/role/manifests/echo.pp,0,0,2,0,7,25,18,1,0,0,118,13,1WIKIMEDIA,/Users/akond/PUPP_REPOS/wikimedia-downloads/vagrant/puppet/modules/role/manifests/eventbus.pp,1,0,0,0,1,7,2,0,0,0,35,7,0WIKIMEDIA,/Users/akond/PUPP_REPOS/wikimedia-downloads/vagrant/puppet/modules/role/manifests/eventlogging.pp,0,0,0,0,5,3,1,0,0,0,25,3,0WIKIMEDIA,/Users/akond/PUPP_REPOS/wikimedia-downloads/vagrant/puppet/modules/role/manifests/externalstore.pp,0,0,2,0,5,7,3,0,0,0,35,7,1WIKIMEDIA,/Users/akond/PUPP_REPOS/wikimedia-downloads/vagrant/puppet/modules/role/manifests/flow.pp,0,1,0,0,4,11,7,0,1,1,30,2,1WIKIMEDIA,/Users/akond/PUPP_REPOS/wikimedia-downloads/vagrant/puppet/modules/role/manifests/fundraising.pp,0,0,0,0,6,0,0,0,0,0,12,4,0WIKIMEDIA,/Users/akond/PUPP_REPOS/wikimedia-downloads/vagrant/puppet/modules/role/manifests/gadgets2.pp,0,0,0,0,0,5,3,0,0,0,28,9,1WIKIMEDIA,/Users/akond/PUPP_REPOS/wikimedia-downloads/vagrant/puppet/modules/role/manifests/gather.pp,0,0,0,0,4,2,0,0,0,0,14,3,1WIKIMEDIA,/Users/akond/PUPP_REPOS/wikimedia-downloads/vagrant/puppet/modules/role/manifests/geodata_elastic.pp,0,0,0,0,2,6,3,1,0,0,20,3,0WIKIMEDIA,/Users/akond/PUPP_REPOS/wikimedia-downloads/vagrant/puppet/modules/role/manifests/geshi.pp,0,0,0,0,0,1,0,0,0,0,7,2,1WIKIMEDIA,/Users/akond/PUPP_REPOS/wikimedia-downloads/vagrant/puppet/modules/role/manifests/gettingstarted.pp,0,0,0,0,4,8,5,0,0,0,27,7,1WIKIMEDIA,/Users/akond/PUPP_REPOS/wikimedia-downloads/vagrant/puppet/modules/role/manifests/globalblocking.pp,1,0,2,1,6,10,1,0,0,0,54,18,1WIKIMEDIA,/Users/akond/PUPP_REPOS/wikimedia-downloads/vagrant/puppet/modules/role/manifests/globaluserpage.pp,1,0,0,0,0,3,1,0,0,0,19,6,0WIKIMEDIA,/Users/akond/PUPP_REPOS/wikimedia-downloads/vagrant/puppet/modules/role/manifests/gpgmail.pp,0,0,0,0,0,1,0,0,0,0,9,3,0WIKIMEDIA,/Users/akond/PUPP_REPOS/wikimedia-downloads/vagrant/puppet/modules/role/manifests/graph.pp,0,0,0,0,1,8,1,0,0,0,47,2,0WIKIMEDIA,/Users/akond/PUPP_REPOS/wikimedia-downloads/vagrant/puppet/modules/role/manifests/greystuff.pp,1,0,0,0,0,0,0,0,0,0,6,3,0WIKIMEDIA,/Users/akond/PUPP_REPOS/wikimedia-downloads/vagrant/puppet/modules/role/manifests/gwtoolset.pp,1,0,0,0,0,37,36,0,0,0,120,5,1WIKIMEDIA,/Users/akond/PUPP_REPOS/wikimedia-downloads/vagrant/puppet/modules/role/manifests/https.pp,0,0,0,0,1,10,8,1,0,0,49,2,1WIKIMEDIA,/Users/akond/PUPP_REPOS/wikimedia-downloads/vagrant/puppet/modules/role/manifests/hue.pp,0,0,0,0,0,0,0,0,0,0,11,3,0WIKIMEDIA,/Users/akond/PUPP_REPOS/wikimedia-downloads/vagrant/puppet/modules/role/manifests/iegreview.pp,1,0,0,0,2,0,0,0,0,0,10,6,0WIKIMEDIA,/Users/akond/PUPP_REPOS/wikimedia-downloads/vagrant/puppet/modules/role/manifests/imagemetrics.pp,0,0,0,0,1,3,2,0,0,0,13,3,0WIKIMEDIA,/Users/akond/PUPP_REPOS/wikimedia-downloads/vagrant/puppet/modules/role/manifests/inputbox.pp,1,0,0,0,0,0,0,0,0,0,8,5,1WIKIMEDIA,/Users/akond/PUPP_REPOS/wikimedia-downloads/vagrant/puppet/modules/role/manifests/invitesignup.pp,1,0,0,0,0,3,3,0,0,0,20,7,0WIKIMEDIA,/Users/akond/PUPP_REPOS/wikimedia-downloads/vagrant/puppet/modules/role/manifests/kartographer.pp,0,0,0,0,0,1,0,0,0,0,7,2,0WIKIMEDIA,/Users/akond/PUPP_REPOS/wikimedia-downloads/vagrant/puppet/modules/role/manifests/l10nupdate.pp,0,0,0,0,0,1,0,0,0,0,11,4,0WIKIMEDIA,/Users/akond/PUPP_REPOS/wikimedia-downloads/vagrant/puppet/modules/role/manifests/ldapauth.pp,0,0,1,0,2,11,7,1,0,0,57,14,0WIKIMEDIA,/Users/akond/PUPP_REPOS/wikimedia-downloads/vagrant/puppet/modules/role/manifests/liquidthreads.pp,0,0,0,0,2,2,0,0,0,0,13,3,0WIKIMEDIA,/Users/akond/PUPP_REPOS/wikimedia-downloads/vagrant/puppet/modules/role/manifests/livingstyleguide.pp,0,0,0,0,0,5,2,0,0,0,17,3,0WIKIMEDIA,/Users/akond/PUPP_REPOS/wikimedia-downloads/vagrant/puppet/modules/role/manifests/massaction.pp,0,0,0,0,1,1,0,0,0,0,10,2,0WIKIMEDIA,/Users/akond/PUPP_REPOS/wikimedia-downloads/vagrant/puppet/modules/role/manifests/mathoid.pp,1,0,0,0,1,1,1,0,0,0,12,3,1WIKIMEDIA,/Users/akond/PUPP_REPOS/wikimedia-downloads/vagrant/puppet/modules/role/manifests/mathsearch.pp,0,0,1,0,3,3,2,0,0,0,18,6,0WIKIMEDIA,/Users/akond/PUPP_REPOS/wikimedia-downloads/vagrant/puppet/modules/role/manifests/mediawiki.pp,0,0,0,0,3,0,0,0,0,0,27,7,1WIKIMEDIA,/Users/akond/PUPP_REPOS/wikimedia-downloads/vagrant/puppet/modules/role/manifests/memcached.pp,0,0,0,0,2,1,1,0,0,0,12,3,0WIKIMEDIA,/Users/akond/PUPP_REPOS/wikimedia-downloads/vagrant/puppet/modules/role/manifests/mobileapp.pp,0,0,1,0,3,1,1,0,0,0,11,3,0WIKIMEDIA,/Users/akond/PUPP_REPOS/wikimedia-downloads/vagrant/puppet/modules/role/manifests/mobilecontentservice.pp,0,0,0,0,3,0,0,0,0,0,8,3,1WIKIMEDIA,/Users/akond/PUPP_REPOS/wikimedia-downloads/vagrant/puppet/modules/role/manifests/mobilefrontend.pp,0,0,0,0,3,11,2,0,0,0,35,8,0WIKIMEDIA,/Users/akond/PUPP_REPOS/wikimedia-downloads/vagrant/puppet/modules/role/manifests/multimedia.pp,1,0,1,0,2,12,6,0,0,0,38,10,1WIKIMEDIA,/Users/akond/PUPP_REPOS/wikimedia-downloads/vagrant/puppet/modules/role/manifests/multimediaviewer.pp,1,0,0,0,2,5,3,0,0,0,22,4,0WIKIMEDIA,/Users/akond/PUPP_REPOS/wikimedia-downloads/vagrant/puppet/modules/role/manifests/newsletter.pp,0,0,0,0,0,1,0,0,0,0,7,2,0WIKIMEDIA,/Users/akond/PUPP_REPOS/wikimedia-downloads/vagrant/puppet/modules/role/manifests/newusermessage.pp,0,0,0,0,0,0,0,0,0,0,5,2,0WIKIMEDIA,/Users/akond/PUPP_REPOS/wikimedia-downloads/vagrant/puppet/modules/role/manifests/notebook.pp,0,0,0,1,1,2,0,0,0,0,16,2,0WIKIMEDIA,/Users/akond/PUPP_REPOS/wikimedia-downloads/vagrant/puppet/modules/role/manifests/nuke.pp,1,0,0,0,0,0,0,0,0,0,6,3,0WIKIMEDIA,/Users/akond/PUPP_REPOS/wikimedia-downloads/vagrant/puppet/modules/role/manifests/oathauth.pp,1,0,0,0,0,1,0,0,0,0,11,5,1WIKIMEDIA,/Users/akond/PUPP_REPOS/wikimedia-downloads/vagrant/puppet/modules/role/manifests/oauth.pp,0,3,0,1,1,14,11,0,0,0,54,5,1WIKIMEDIA,/Users/akond/PUPP_REPOS/wikimedia-downloads/vagrant/puppet/modules/role/manifests/oauth/consumer.pp,0,0,2,0,5,6,9,0,0,0,65,29,1WIKIMEDIA,/Users/akond/PUPP_REPOS/wikimedia-downloads/vagrant/puppet/modules/role/manifests/oauthauthentication.pp,3,0,0,0,0,10,4,0,0,0,29,6,1WIKIMEDIA,/Users/akond/PUPP_REPOS/wikimedia-downloads/vagrant/puppet/modules/role/manifests/oozie.pp,0,0,0,0,0,1,0,0,0,0,18,3,0WIKIMEDIA,/Users/akond/PUPP_REPOS/wikimedia-downloads/vagrant/puppet/modules/role/manifests/openbadges.pp,0,0,0,0,0,1,0,0,0,0,7,2,0WIKIMEDIA,/Users/akond/PUPP_REPOS/wikimedia-downloads/vagrant/puppet/modules/role/manifests/ores.pp,1,0,1,0,3,8,6,1,0,0,31,7,1WIKIMEDIA,/Users/akond/PUPP_REPOS/wikimedia-downloads/vagrant/puppet/modules/role/manifests/pageassessments.pp,0,0,0,0,0,1,0,0,0,0,10,4,0WIKIMEDIA,/Users/akond/PUPP_REPOS/wikimedia-downloads/vagrant/puppet/modules/role/manifests/payments.pp,0,0,0,0,1,0,0,0,0,0,11,5,0WIKIMEDIA,/Users/akond/PUPP_REPOS/wikimedia-downloads/vagrant/puppet/modules/role/manifests/phragile.pp,4,1,5,1,12,20,9,1,0,0,59,2,1WIKIMEDIA,/Users/akond/PUPP_REPOS/wikimedia-downloads/vagrant/puppet/modules/role/manifests/psr3.pp,0,0,1,0,1,5,5,0,0,0,16,3,1WIKIMEDIA,/Users/akond/PUPP_REPOS/wikimedia-downloads/vagrant/puppet/modules/role/manifests/questycaptcha.pp,0,0,0,0,1,3,2,0,0,0,17,4,0WIKIMEDIA,/Users/akond/PUPP_REPOS/wikimedia-downloads/vagrant/puppet/modules/role/manifests/raita.pp,2,1,4,0,10,15,6,3,0,0,63,13,0WIKIMEDIA,/Users/akond/PUPP_REPOS/wikimedia-downloads/vagrant/puppet/modules/role/manifests/restbase.pp,2,0,0,0,4,14,3,0,0,0,61,17,0WIKIMEDIA,/Users/akond/PUPP_REPOS/wikimedia-downloads/vagrant/puppet/modules/role/manifests/revisionslider.pp,0,0,0,0,0,0,0,0,0,0,6,3,0WIKIMEDIA,/Users/akond/PUPP_REPOS/wikimedia-downloads/vagrant/puppet/modules/role/manifests/sandboxlink.pp,0,0,0,0,0,0,0,0,0,0,6,3,0WIKIMEDIA,/Users/akond/PUPP_REPOS/wikimedia-downloads/vagrant/puppet/modules/role/manifests/score.pp,1,0,1,0,2,2,0,0,0,0,19,5,1WIKIMEDIA,/Users/akond/PUPP_REPOS/wikimedia-downloads/vagrant/puppet/modules/role/manifests/securepoll.pp,0,0,0,0,0,2,1,0,0,0,18,6,0WIKIMEDIA,/Users/akond/PUPP_REPOS/wikimedia-downloads/vagrant/puppet/modules/role/manifests/sentry.pp,1,0,0,0,2,3,1,0,0,0,29,7,0WIKIMEDIA,/Users/akond/PUPP_REPOS/wikimedia-downloads/vagrant/puppet/modules/role/manifests/shorturl.pp,1,0,0,0,0,0,0,0,0,0,9,6,0WIKIMEDIA,/Users/akond/PUPP_REPOS/wikimedia-downloads/vagrant/puppet/modules/role/manifests/simple_miser.pp,1,0,0,0,1,9,2,1,0,0,28,7,0WIKIMEDIA,/Users/akond/PUPP_REPOS/wikimedia-downloads/vagrant/puppet/modules/role/manifests/simple_performant.pp,1,1,3,1,7,19,17,1,0,0,66,7,1WIKIMEDIA,/Users/akond/PUPP_REPOS/wikimedia-downloads/vagrant/puppet/modules/role/manifests/sitematrix.pp,0,0,0,0,0,1,0,0,0,0,8,2,0WIKIMEDIA,/Users/akond/PUPP_REPOS/wikimedia-downloads/vagrant/puppet/modules/role/manifests/striker.pp,3,3,8,6,22,60,30,3,3,3,233,51,1WIKIMEDIA,/Users/akond/PUPP_REPOS/wikimedia-downloads/vagrant/puppet/modules/role/manifests/testwiki.pp,0,0,0,0,0,0,0,0,0,0,8,3,0WIKIMEDIA,/Users/akond/PUPP_REPOS/wikimedia-downloads/vagrant/puppet/modules/role/manifests/thumb_on_404.pp,0,0,0,0,0,3,1,0,0,0,14,3,1WIKIMEDIA,/Users/akond/PUPP_REPOS/wikimedia-downloads/vagrant/puppet/modules/role/manifests/thumb_on_404/multiwiki.pp,0,0,0,0,0,6,1,0,0,0,40,18,1WIKIMEDIA,/Users/akond/PUPP_REPOS/wikimedia-downloads/vagrant/puppet/modules/role/manifests/thumbor.pp,0,0,0,0,5,5,10,0,0,0,65,3,1WIKIMEDIA,/Users/akond/PUPP_REPOS/wikimedia-downloads/vagrant/puppet/modules/role/manifests/timedmediahandler.pp,1,0,1,0,2,5,2,0,0,0,23,3,0WIKIMEDIA,/Users/akond/PUPP_REPOS/wikimedia-downloads/vagrant/puppet/modules/role/manifests/titleblacklist.pp,1,0,0,0,0,8,5,0,0,0,27,6,1WIKIMEDIA,/Users/akond/PUPP_REPOS/wikimedia-downloads/vagrant/puppet/modules/role/manifests/torblock.pp,0,0,0,0,0,0,0,0,0,0,6,3,0WIKIMEDIA,/Users/akond/PUPP_REPOS/wikimedia-downloads/vagrant/puppet/modules/role/manifests/uploadwizard.pp,1,0,0,0,6,14,7,0,0,0,41,4,0WIKIMEDIA,/Users/akond/PUPP_REPOS/wikimedia-downloads/vagrant/puppet/modules/role/manifests/varnish.pp,1,0,0,0,1,1,2,0,0,0,18,4,1WIKIMEDIA,/Users/akond/PUPP_REPOS/wikimedia-downloads/vagrant/puppet/modules/role/manifests/vipsscaler.pp,1,0,0,0,0,14,9,0,0,0,36,3,0WIKIMEDIA,/Users/akond/PUPP_REPOS/wikimedia-downloads/vagrant/puppet/modules/role/manifests/visualeditor.pp,0,0,0,0,7,4,2,0,0,0,23,6,1WIKIMEDIA,/Users/akond/PUPP_REPOS/wikimedia-downloads/vagrant/puppet/modules/role/manifests/wikidata.pp,5,0,1,0,3,19,12,2,0,0,62,7,0WIKIMEDIA,/Users/akond/PUPP_REPOS/wikimedia-downloads/vagrant/puppet/modules/role/manifests/wikigrok.pp,0,0,0,0,2,1,0,0,0,0,12,2,1WIKIMEDIA,/Users/akond/PUPP_REPOS/wikimedia-downloads/vagrant/puppet/modules/role/manifests/wikimediamaintenance.pp,0,0,0,0,0,0,0,0,0,0,7,4,1WIKIMEDIA,/Users/akond/PUPP_REPOS/wikimedia-downloads/vagrant/puppet/modules/role/manifests/wikimediamessages.pp,1,0,0,0,0,1,1,0,0,0,11,6,0WIKIMEDIA,/Users/akond/PUPP_REPOS/wikimedia-downloads/vagrant/puppet/modules/role/manifests/wikimetrics.pp,1,0,5,0,6,29,15,1,1,1,109,17,1WIKIMEDIA,/Users/akond/PUPP_REPOS/wikimedia-downloads/vagrant/puppet/modules/role/manifests/wikitech.pp,1,0,2,0,10,12,8,0,0,0,64,4,0WIKIMEDIA,/Users/akond/PUPP_REPOS/wikimedia-downloads/vagrant/puppet/modules/role/manifests/xhprofgui.pp,0,0,0,0,1,0,0,0,0,0,25,19,0WIKIMEDIA,/Users/akond/PUPP_REPOS/wikimedia-downloads/vagrant/puppet/modules/role/manifests/zero.pp,0,0,0,0,7,4,3,0,0,0,32,2,0WIKIMEDIA,/Users/akond/PUPP_REPOS/wikimedia-downloads/vagrant/puppet/modules/rsyslog/manifests/init.pp,0,1,2,3,5,16,6,0,1,1,31,5,0WIKIMEDIA,/Users/akond/PUPP_REPOS/wikimedia-downloads/vagrant/puppet/modules/ruby/manifests/bundle.pp,0,1,1,1,4,13,3,1,0,0,66,27,0WIKIMEDIA,/Users/akond/PUPP_REPOS/wikimedia-downloads/vagrant/puppet/modules/ruby/manifests/default.pp,0,0,0,0,1,0,0,0,0,0,10,5,0WIKIMEDIA,/Users/akond/PUPP_REPOS/wikimedia-downloads/vagrant/puppet/modules/ruby/manifests/ruby.pp,0,0,0,2,3,4,1,0,0,0,26,10,0WIKIMEDIA,/Users/akond/PUPP_REPOS/wikimedia-downloads/vagrant/puppet/modules/scholarships/manifests/init.pp,0,2,5,5,16,28,13,0,2,2,104,30,1WIKIMEDIA,/Users/akond/PUPP_REPOS/wikimedia-downloads/vagrant/puppet/modules/sentry/manifests/init.pp,1,5,8,11,25,46,17,2,5,5,196,49,1WIKIMEDIA,/Users/akond/PUPP_REPOS/wikimedia-downloads/vagrant/puppet/modules/service/manifests/gitupdate.pp,0,1,0,2,2,21,15,0,1,1,130,74,0WIKIMEDIA,/Users/akond/PUPP_REPOS/wikimedia-downloads/vagrant/puppet/modules/smashpig/manifests/init.pp,0,2,5,1,10,16,6,1,0,0,60,4,0WIKIMEDIA,/Users/akond/PUPP_REPOS/wikimedia-downloads/vagrant/puppet/modules/statsd/manifests/init.pp,1,4,4,2,6,23,16,0,3,3,76,19,1WIKIMEDIA,/Users/akond/PUPP_REPOS/wikimedia-downloads/vagrant/puppet/modules/stdlib/tests/file_line.pp,0,1,0,1,1,3,2,0,0,0,9,2,0WIKIMEDIA,/Users/akond/PUPP_REPOS/wikimedia-downloads/vagrant/puppet/modules/sudo/manifests/init.pp,0,0,0,0,0,0,0,0,0,0,5,3,0WIKIMEDIA,/Users/akond/PUPP_REPOS/wikimedia-downloads/vagrant/puppet/modules/swift/manifests/ring.pp,0,1,3,1,4,26,13,3,1,1,67,27,1WIKIMEDIA,/Users/akond/PUPP_REPOS/wikimedia-downloads/vagrant/puppet/modules/thumbor/manifests/init.pp,2,3,4,6,11,35,24,1,2,2,192,21,1WIKIMEDIA,/Users/akond/PUPP_REPOS/wikimedia-downloads/vagrant/puppet/modules/varnish/manifests/config.pp,0,1,1,0,2,11,6,0,1,1,48,23,1WIKIMEDIA,/Users/akond/PUPP_REPOS/wikimedia-downloads/vagrant/puppet/modules/varnish/manifests/init.pp,3,13,11,11,22,96,73,4,13,13,244,12,1WIKIMEDIA,/Users/akond/PUPP_REPOS/wikimedia-downloads/vagrant/puppet/modules/virtualenv/manifests/environment.pp,1,2,1,2,3,14,8,1,0,0,75,37,0WIKIMEDIA,/Users/akond/PUPP_REPOS/wikimedia-downloads/vagrant/puppet/modules/virtualenv/manifests/package.pp,0,0,0,0,1,4,1,1,0,0,33,20,1WIKIMEDIA,/Users/akond/PUPP_REPOS/wikimedia-downloads/vagrant/puppet/modules/xvfb/manifests/init.pp,0,1,2,3,5,14,9,0,0,0,53,23,0WIKIMEDIA,/Users/akond/PUPP_REPOS/wikimedia-downloads/vagrant/puppet/modules/zotero/manifests/init.pp,0,5,3,7,14,39,10,0,2,2,90,14,1WIKIMEDIA,/Users/akond/PUPP_REPOS/wikimedia-downloads/wikimetrics/manifests/init.pp,1,5,2,7,9,32,45,0,1,1,261,108,1WIKIMEDIA,/Users/akond/PUPP_REPOS/wikimedia-downloads/wikimetrics/manifests/web/apache.pp,0,1,3,1,11,13,5,2,0,0,56,4,1